{"cameraMode":{"drawMode":0,"name":"Shaded","section":"Shading Mode"},"sceneLighting":false,"audioPlay":false,"sceneViewState":{"showFog":true,"showMaterialUpdate":false,"showSkybox":true,"showFlares":true,"showImageEffects":true,"showParticleSystems":true},"in2DMode":false,"pivot":{"x":491.48980712890627,"y":145.84991455078126,"z":393.82537841796877},"rotation":{"x":-0.011014940217137337,"y":0.5979922413825989,"z":-0.008322233334183693,"w":-0.8013829588890076},"size":8.043898582458496,"orthographic":false}