{"cameraMode":{"drawMode":0,"name":"Shaded","section":"Shading Mode"},"sceneLighting":false,"audioPlay":false,"sceneViewState":{"showFog":true,"showMaterialUpdate":false,"showSkybox":true,"showFlares":true,"showImageEffects":true,"showParticleSystems":true},"in2DMode":false,"pivot":{"x":475.87860107421877,"y":153.0467529296875,"z":411.01953125},"rotation":{"x":0.005643240176141262,"y":0.34999051690101626,"z":0.002022470347583294,"w":-0.936734139919281},"size":71.19961547851563,"orthographic":false}