{"cameraMode":{"drawMode":0,"name":"Shaded","section":"Shading Mode"},"sceneLighting":true,"audioPlay":false,"sceneViewState":{"showFog":true,"showMaterialUpdate":false,"showSkybox":true,"showFlares":true,"showImageEffects":true,"showParticleSystems":true},"in2DMode":false,"pivot":{"x":239.28012084960938,"y":180.57371520996095,"z":395.0655212402344},"rotation":{"x":-0.02937532402575016,"y":-0.710621178150177,"z":-0.029571115970611573,"w":0.7023391127586365},"size":311.12066650390627,"orthographic":false}