{"cameraMode":{"drawMode":0,"name":"Shaded","section":"Shading Mode"},"sceneLighting":true,"audioPlay":false,"sceneViewState":{"showFog":true,"showMaterialUpdate":false,"showSkybox":true,"showFlares":true,"showImageEffects":true,"showParticleSystems":true},"in2DMode":false,"pivot":{"x":478.9131774902344,"y":220.82662963867188,"z":377.052490234375},"rotation":{"x":0.4057212173938751,"y":-0.3935725688934326,"z":0.1996399611234665,"w":0.8003966808319092},"size":60.201133728027347,"orthographic":false}