{"cameraMode":{"drawMode":0,"name":"Shaded","section":"Shading Mode"},"sceneLighting":true,"audioPlay":false,"sceneViewState":{"showFog":true,"showMaterialUpdate":false,"showSkybox":true,"showFlares":true,"showImageEffects":true,"showParticleSystems":true},"in2DMode":false,"pivot":{"x":291.60113525390627,"y":143.56845092773438,"z":101.361572265625},"rotation":{"x":-0.14428190886974336,"y":0.6157929301261902,"z":-0.11615948379039765,"w":-0.765825629234314},"size":7.17210054397583,"orthographic":false}