{"cameraMode":{"drawMode":0,"name":"Shaded","section":"Shading Mode"},"sceneLighting":false,"audioPlay":false,"sceneViewState":{"showFog":true,"showMaterialUpdate":false,"showSkybox":true,"showFlares":true,"showImageEffects":true,"showParticleSystems":true},"in2DMode":false,"pivot":{"x":490.0911865234375,"y":157.00413513183595,"z":402.01873779296877},"rotation":{"x":-0.0452197827398777,"y":0.5827717185020447,"z":-0.032654572278261188,"w":-0.8107194900512695},"size":106.89122772216797,"orthographic":false}