{"cameraMode":{"drawMode":0,"name":"Shaded","section":"Shading Mode"},"sceneLighting":false,"audioPlay":false,"sceneViewState":{"showFog":true,"showMaterialUpdate":false,"showSkybox":true,"showFlares":true,"showImageEffects":true,"showParticleSystems":true},"in2DMode":false,"pivot":{"x":495.1385803222656,"y":152.78231811523438,"z":386.8887634277344},"rotation":{"x":0.0034724229481071235,"y":0.9003025889396668,"z":-0.00699075311422348,"w":0.43519487977027895},"size":41.86302185058594,"orthographic":false}