{"cameraMode":{"drawMode":0,"name":"Shaded","section":"Shading Mode"},"sceneLighting":false,"audioPlay":false,"sceneViewState":{"showFog":true,"showMaterialUpdate":false,"showSkybox":true,"showFlares":true,"showImageEffects":true,"showParticleSystems":true},"in2DMode":false,"pivot":{"x":495.02392578125,"y":146.707763671875,"z":405.80999755859377},"rotation":{"x":-0.09424123167991638,"y":0.34821051359176638,"z":-0.03529858589172363,"w":-0.9319990277290344},"size":8.043898582458496,"orthographic":false}